{
  "manifest.json": 1714719560960,
  "controller/Details.controller.js": 1714455331510,
  "model/models.js": 1714455331510,
  "controller/Home.controller.js": 1714711765279,
  "i18n/i18n.properties": 1714455331510,
  "controller/BaseController.js": 1714455331510,
  "controller/App.controller.js": 1714635342303,
  "Component.js": 1714455331510,
  "Component-preload.js": 1714719561300,
  "Component-dbg.js": 1714455331510,
  "controller/Home-dbg.controller.js": 1714711765279,
  "controller/Details-dbg.controller.js": 1714455331510,
  "controller/BaseController-dbg.js": 1714455331510,
  "controller/App-dbg.controller.js": 1714635342303,
  "model/models-dbg.js": 1714455331510,
  "view/Home.view.xml": 1714455331514,
  "view/Details.view.xml": 1714455331510,
  "view/App.view.xml": 1714455331510,
  "fragments/GeneralInformation.fragment.xml": 1714455331510,
  "fragments/CreateEmployeeDialog.fragment.xml": 1714455331510,
  "fragments/Address.fragment.xml": 1714455331510,
  "css/style.css": 1714455331510,
  "index.html": 1714455331510
}