{
  "controller/BaseController.js": 1714455331510,
  "controller/App.controller.js": 1714635342303,
  "model/models.js": 1714455331510,
  "controller/Home.controller.js": 1715057476482,
  "controller/Details.controller.js": 1714455331510,
  "i18n/i18n.properties": 1714455331510,
  "manifest.json": 1715246479595,
  "Component.js": 1714455331510,
  "Component-preload.js": 1715246479762,
  "controller/BaseController-dbg.js": 1714455331510,
  "controller/Home-dbg.controller.js": 1715057476482,
  "controller/Details-dbg.controller.js": 1714455331510,
  "model/models-dbg.js": 1714455331510,
  "controller/App-dbg.controller.js": 1714635342303,
  "Component-dbg.js": 1714455331510,
  "view/Home.view.xml": 1714455331514,
  "view/Details.view.xml": 1714455331510,
  "view/App.view.xml": 1714455331510,
  "fragments/GeneralInformation.fragment.xml": 1714724986708,
  "fragments/CreateEmployeeDialog.fragment.xml": 1715075460857,
  "fragments/Address.fragment.xml": 1714455331510,
  "css/style.css": 1714455331510,
  "index.html": 1714455331510
}